{"cameraMode":{"drawMode":0,"name":"Shaded","section":"Shading Mode"},"sceneLighting":false,"audioPlay":false,"sceneViewState":{"showFog":true,"showMaterialUpdate":false,"showSkybox":false,"showFlares":true,"showImageEffects":true,"showParticleSystems":true},"in2DMode":false,"pivot":{"x":-15.099874496459961,"y":1.687499761581421,"z":-7.000000476837158},"rotation":{"x":-0.14149948954582215,"y":0.3925713002681732,"z":-0.06126435473561287,"w":-0.906704843044281},"size":3.2442336082458498,"orthographic":false}