{"cameraMode":{"drawMode":0,"name":"Shaded","section":"Shading Mode"},"sceneLighting":true,"audioPlay":false,"sceneViewState":{"showFog":true,"showMaterialUpdate":false,"showSkybox":true,"showFlares":true,"showImageEffects":true,"showParticleSystems":true},"in2DMode":false,"pivot":{"x":6.0985822677612309,"y":-0.5081791877746582,"z":-22.033214569091798},"rotation":{"x":-0.01834983192384243,"y":-0.9795507788658142,"z":0.09047906845808029,"w":-0.18070100247859956},"size":14.139694213867188,"orthographic":false}