{"cameraMode":{"drawMode":0,"name":"Shaded","section":"Shading Mode"},"sceneLighting":true,"audioPlay":false,"sceneViewState":{"showFog":true,"showMaterialUpdate":false,"showSkybox":false,"showFlares":true,"showImageEffects":true,"showParticleSystems":true},"in2DMode":false,"pivot":{"x":4.129405975341797,"y":-5.166287422180176,"z":-12.559120178222657},"rotation":{"x":-0.2118559032678604,"y":-0.7835850715637207,"z":0.45942869782447817,"w":-0.3608565330505371},"size":6.363961219787598,"orthographic":false}