{"cameraMode":{"drawMode":0,"name":"Shaded","section":"Shading Mode"},"sceneLighting":false,"audioPlay":false,"sceneViewState":{"showFog":true,"showMaterialUpdate":false,"showSkybox":false,"showFlares":true,"showImageEffects":true,"showParticleSystems":true},"in2DMode":false,"pivot":{"x":194.85000610351563,"y":46.130001068115237,"z":-41.02299880981445},"rotation":{"x":0.15973716974258424,"y":0.8063974380493164,"z":-0.25237834453582766,"w":0.5104170441627502},"size":10.0,"orthographic":false}