{"cameraMode":{"drawMode":0,"name":"Shaded","section":"Shading Mode"},"sceneLighting":false,"audioPlay":false,"sceneViewState":{"showFog":true,"showMaterialUpdate":false,"showSkybox":false,"showFlares":true,"showImageEffects":true,"showParticleSystems":true},"in2DMode":false,"pivot":{"x":4.439206123352051,"y":10.10696029663086,"z":-6.914795875549316},"rotation":{"x":-0.21059665083885194,"y":0.2888045608997345,"z":-0.06528254598379135,"w":-0.9316551685333252},"size":1.0677077770233155,"orthographic":false}