{"cameraMode":{"drawMode":0,"name":"Shaded","section":"Shading Mode"},"sceneLighting":true,"audioPlay":false,"sceneViewState":{"showFog":true,"showMaterialUpdate":false,"showSkybox":false,"showFlares":true,"showImageEffects":true,"showParticleSystems":true},"in2DMode":false,"pivot":{"x":9.001998901367188,"y":3.6399996280670168,"z":-0.015999794006347657},"rotation":{"x":-0.24533352255821229,"y":-0.33165764808654787,"z":0.08983014523983002,"w":-0.9065902829170227},"size":12.12435531616211,"orthographic":false}