{"cameraMode":{"drawMode":0,"name":"Shaded","section":"Shading Mode"},"sceneLighting":true,"audioPlay":false,"sceneViewState":{"showFog":true,"showMaterialUpdate":false,"showSkybox":true,"showFlares":true,"showImageEffects":true,"showParticleSystems":true},"in2DMode":false,"pivot":{"x":3.7062230110168459,"y":0.9506125450134277,"z":5.97084903717041},"rotation":{"x":-0.1567416936159134,"y":-0.1516580730676651,"z":0.02454465441405773,"w":-0.9757214784622192},"size":10.0,"orthographic":false}